,precision,recall,f1-score,support
BENIGN,0.9993971091383183,0.999095936233369,0.999246499992465,66367.0
Bot,0.8571428571428571,0.7741935483870968,0.8135593220338984,62.0
Brute Force,1.0,1.0,1.0,293.0
DDoS,0.9992681141741888,0.9990243902439024,0.9991462373460178,4100.0
DoS,0.9979072762395363,0.9991940683430045,0.9985502577319587,6204.0
Heartbleed,1.0,1.0,1.0,2.0
Infiltration,1.0,0.7142857142857143,0.8333333333333334,7.0
PortScan,0.9866757772463273,0.9944903581267218,0.9905676556336821,2904.0
Web Attack,1.0,0.9710144927536232,0.9852941176470589,69.0
